食人资本主义,
                    [美]南希·弗雷泽（Nancy Fraser） / 2023-4 / 上海人民出版社 / 58 / 平装
                ,(5人评价)自我决定的孤独：难以建立亲密感的社会,
                    [德]伊丽莎白·冯·塔登 / 2023-3-10 / 广东人民出版社 / 68.00元 / 精装
                ,7.7多元视域中的明清理学,
                    吕妙芬 / 2023-4 / 四川人民出版社 / 98.00元 / 精装
                ,(11人评价)无尽的玩笑,
                    [美] 大卫·福斯特·华莱士 / 2023-4 / 上海人民出版社 / 168.00元 / 平装
                ,9.3北欧书简,
                    [英]玛丽·沃斯通克拉夫特 / 2023-3 / 广西师范大学出版社 / 59 / 精装
                ,(6人评价)芯片战争：世界最关键技术的争夺战,
                    [美]克里斯·米勒 / 2023-5 / 浙江人民出版社 / 88.00 / 平装
                ,(30人评价)冷亲密：为什么爱越来越难,
                    [法]伊娃·易洛思 / 2023-4 / 湖南人民出版社 / 49.00元 / 平装
                ,8.3危险的边疆：游牧帝国与中国,
                    [美]托马斯·巴菲尔德 / 2023-4-20 / 江苏人民出版社 / 118.00元 / 精装
                ,(6人评价)天体嗜好症：一千一秒物语,
                    [日] 稻垣足穗 / 2023-4 / 湖南文艺出版社 / 88 / 精装
                ,9.4不再讨好：做安稳强大的自己,
                    黄玉玲 / 2023-4-1 / 人民邮电出版社 / 59.8元 / 平装
                ,8.3涉过忘川：庞德诗选,
                    [美] 艾兹拉·庞德 / [美国] 埃兹拉·庞德 / 2023-4 / 北京联合出版公司 / 78.00元 / 精装
                ,9.0大地中国,
                    韩茂莉 / 2023-4 / 文汇出版社 / 69.00元 / 精装
                ,8.0打碎哈姆雷特的镜子：戏剧与现实,
                    [美]马文·卡尔森 / 2023 / 南京大学出版社 / 30 / 平装
                ,(4人评价)床，沙发，我的人生,
                    [法] 罗曼·莫内里 / 2023-3 / 中信出版集团 / 49.80元 / 平装
                ,9.1魔术师,
                    [爱尔兰] 科尔姆·托宾 / 2023-4 / 上海译文出版社 / 89.00元 / 平装
                ,9.8最后的故事,
                    [波兰]奥尔加·托卡尔丘克 / 2023-4 / 浙江文艺出版社 / 52.00元 / 平装
                ,(10人评价)波士顿的长电邮：美利坚的政治成长与普遍历史,
                    刘小枫 / 2023-3 / 上海人民出版社 / 68.00 / 精装
                ,7.8杜甫私记,
                    (日) 吉川幸次郎 / 2023-3 / 新星出版社 / 98 / 布面软精装
                ,7.5墨西哥与中美洲古代文明：考古与文化史,
                    [美] 苏珊·托比·埃文斯 / 2023-5 / 生活·读书·新知三联书店 / 198.00元 / 平装
                ,(6人评价)食人资本主义,
                    [美]南希·弗雷泽（Nancy Fraser） / 2023-4 / 上海人民出版社 / 58 / 平装
                ,(5人评价)
自我决定的孤独：难以建立亲密感的社会,
                    [德]伊丽莎白·冯·塔登 / 2023-3-10 / 广东人民出版社 / 68.00元 / 精装
                ,7.7
多元视域中的明清理学,
                    吕妙芬 / 2023-4 / 四川人民出版社 / 98.00元 / 精装
                ,(11人评价)
无尽的玩笑,
                    [美] 大卫·福斯特·华莱士 / 2023-4 / 上海人民出版社 / 168.00元 / 平装
                ,9.3
北欧书简,
                    [英]玛丽·沃斯通克拉夫特 / 2023-3 / 广西师范大学出版社 / 59 / 精装
                ,(6人评价)
芯片战争：世界最关键技术的争夺战,
                    [美]克里斯·米勒 / 2023-5 / 浙江人民出版社 / 88.00 / 平装
                ,(30人评价)
冷亲密：为什么爱越来越难,
                    [法]伊娃·易洛思 / 2023-4 / 湖南人民出版社 / 49.00元 / 平装
                ,8.3
危险的边疆：游牧帝国与中国,
                    [美]托马斯·巴菲尔德 / 2023-4-20 / 江苏人民出版社 / 118.00元 / 精装
                ,(6人评价)
天体嗜好症：一千一秒物语,
                    [日] 稻垣足穗 / 2023-4 / 湖南文艺出版社 / 88 / 精装
                ,9.4
不再讨好：做安稳强大的自己,
                    黄玉玲 / 2023-4-1 / 人民邮电出版社 / 59.8元 / 平装
                ,8.3
涉过忘川：庞德诗选,
                    [美] 艾兹拉·庞德 / [美国] 埃兹拉·庞德 / 2023-4 / 北京联合出版公司 / 78.00元 / 精装
                ,9.0
大地中国,
                    韩茂莉 / 2023-4 / 文汇出版社 / 69.00元 / 精装
                ,8.0
打碎哈姆雷特的镜子：戏剧与现实,
                    [美]马文·卡尔森 / 2023 / 南京大学出版社 / 30 / 平装
                ,(4人评价)
床，沙发，我的人生,
                    [法] 罗曼·莫内里 / 2023-3 / 中信出版集团 / 49.80元 / 平装
                ,9.1
魔术师,
                    [爱尔兰] 科尔姆·托宾 / 2023-4 / 上海译文出版社 / 89.00元 / 平装
                ,9.8
最后的故事,
                    [波兰]奥尔加·托卡尔丘克 / 2023-4 / 浙江文艺出版社 / 52.00元 / 平装
                ,(10人评价)
波士顿的长电邮：美利坚的政治成长与普遍历史,
                    刘小枫 / 2023-3 / 上海人民出版社 / 68.00 / 精装
                ,7.8
杜甫私记,
                    (日) 吉川幸次郎 / 2023-3 / 新星出版社 / 98 / 布面软精装
                ,7.5
墨西哥与中美洲古代文明：考古与文化史,
                    [美] 苏珊·托比·埃文斯 / 2023-5 / 生活·读书·新知三联书店 / 198.00元 / 平装
                ,(6人评价)
食人资本主义,
                    [美]南希·弗雷泽（Nancy Fraser） / 2023-4 / 上海人民出版社 / 58 / 平装
                ,(5人评价)
自我决定的孤独：难以建立亲密感的社会,
                    [德]伊丽莎白·冯·塔登 / 2023-3-10 / 广东人民出版社 / 68.00元 / 精装
                ,7.7
多元视域中的明清理学,
                    吕妙芬 / 2023-4 / 四川人民出版社 / 98.00元 / 精装
                ,(11人评价)
无尽的玩笑,
                    [美] 大卫·福斯特·华莱士 / 2023-4 / 上海人民出版社 / 168.00元 / 平装
                ,9.3
北欧书简,
                    [英]玛丽·沃斯通克拉夫特 / 2023-3 / 广西师范大学出版社 / 59 / 精装
                ,(6人评价)
芯片战争：世界最关键技术的争夺战,
                    [美]克里斯·米勒 / 2023-5 / 浙江人民出版社 / 88.00 / 平装
                ,(30人评价)
冷亲密：为什么爱越来越难,
                    [法]伊娃·易洛思 / 2023-4 / 湖南人民出版社 / 49.00元 / 平装
                ,8.3
危险的边疆：游牧帝国与中国,
                    [美]托马斯·巴菲尔德 / 2023-4-20 / 江苏人民出版社 / 118.00元 / 精装
                ,(6人评价)
天体嗜好症：一千一秒物语,
                    [日] 稻垣足穗 / 2023-4 / 湖南文艺出版社 / 88 / 精装
                ,9.4
不再讨好：做安稳强大的自己,
                    黄玉玲 / 2023-4-1 / 人民邮电出版社 / 59.8元 / 平装
                ,8.3
涉过忘川：庞德诗选,
                    [美] 艾兹拉·庞德 / [美国] 埃兹拉·庞德 / 2023-4 / 北京联合出版公司 / 78.00元 / 精装
                ,9.0
大地中国,
                    韩茂莉 / 2023-4 / 文汇出版社 / 69.00元 / 精装
                ,8.0
打碎哈姆雷特的镜子：戏剧与现实,
                    [美]马文·卡尔森 / 2023 / 南京大学出版社 / 30 / 平装
                ,(4人评价)
床，沙发，我的人生,
                    [法] 罗曼·莫内里 / 2023-3 / 中信出版集团 / 49.80元 / 平装
                ,9.1
魔术师,
                    [爱尔兰] 科尔姆·托宾 / 2023-4 / 上海译文出版社 / 89.00元 / 平装
                ,9.8
最后的故事,
                    [波兰]奥尔加·托卡尔丘克 / 2023-4 / 浙江文艺出版社 / 52.00元 / 平装
                ,(10人评价)
波士顿的长电邮：美利坚的政治成长与普遍历史,
                    刘小枫 / 2023-3 / 上海人民出版社 / 68.00 / 精装
                ,7.8
杜甫私记,
                    (日) 吉川幸次郎 / 2023-3 / 新星出版社 / 98 / 布面软精装
                ,7.5
墨西哥与中美洲古代文明：考古与文化史,
                    [美] 苏珊·托比·埃文斯 / 2023-5 / 生活·读书·新知三联书店 / 198.00元 / 平装
                ,(6人评价)
食人资本主义,
                    [美]南希·弗雷泽（Nancy Fraser） / 2023-4 / 上海人民出版社 / 58 / 平装
                ,(5人评价)
自我决定的孤独：难以建立亲密感的社会,
                    [德]伊丽莎白·冯·塔登 / 2023-3-10 / 广东人民出版社 / 68.00元 / 精装
                ,7.7
多元视域中的明清理学,
                    吕妙芬 / 2023-4 / 四川人民出版社 / 98.00元 / 精装
                ,(11人评价)
无尽的玩笑,
                    [美] 大卫·福斯特·华莱士 / 2023-4 / 上海人民出版社 / 168.00元 / 平装
                ,9.3
北欧书简,
                    [英]玛丽·沃斯通克拉夫特 / 2023-3 / 广西师范大学出版社 / 59 / 精装
                ,(6人评价)
芯片战争：世界最关键技术的争夺战,
                    [美]克里斯·米勒 / 2023-5 / 浙江人民出版社 / 88.00 / 平装
                ,(30人评价)
冷亲密：为什么爱越来越难,
                    [法]伊娃·易洛思 / 2023-4 / 湖南人民出版社 / 49.00元 / 平装
                ,8.3
危险的边疆：游牧帝国与中国,
                    [美]托马斯·巴菲尔德 / 2023-4-20 / 江苏人民出版社 / 118.00元 / 精装
                ,(6人评价)
天体嗜好症：一千一秒物语,
                    [日] 稻垣足穗 / 2023-4 / 湖南文艺出版社 / 88 / 精装
                ,9.4
不再讨好：做安稳强大的自己,
                    黄玉玲 / 2023-4-1 / 人民邮电出版社 / 59.8元 / 平装
                ,8.3
涉过忘川：庞德诗选,
                    [美] 艾兹拉·庞德 / [美国] 埃兹拉·庞德 / 2023-4 / 北京联合出版公司 / 78.00元 / 精装
                ,9.0
大地中国,
                    韩茂莉 / 2023-4 / 文汇出版社 / 69.00元 / 精装
                ,8.0
打碎哈姆雷特的镜子：戏剧与现实,
                    [美]马文·卡尔森 / 2023 / 南京大学出版社 / 30 / 平装
                ,(4人评价)
床，沙发，我的人生,
                    [法] 罗曼·莫内里 / 2023-3 / 中信出版集团 / 49.80元 / 平装
                ,9.1
魔术师,
                    [爱尔兰] 科尔姆·托宾 / 2023-4 / 上海译文出版社 / 89.00元 / 平装
                ,9.8
最后的故事,
                    [波兰]奥尔加·托卡尔丘克 / 2023-4 / 浙江文艺出版社 / 52.00元 / 平装
                ,(10人评价)
波士顿的长电邮：美利坚的政治成长与普遍历史,
                    刘小枫 / 2023-3 / 上海人民出版社 / 68.00 / 精装
                ,7.8
杜甫私记,
                    (日) 吉川幸次郎 / 2023-3 / 新星出版社 / 98 / 布面软精装
                ,7.5
墨西哥与中美洲古代文明：考古与文化史,
                    [美] 苏珊·托比·埃文斯 / 2023-5 / 生活·读书·新知三联书店 / 198.00元 / 平装
                ,(6人评价)
食人资本主义,
                    [美]南希·弗雷泽（Nancy Fraser） / 2023-4 / 上海人民出版社 / 58 / 平装
                ,(5人评价)
自我决定的孤独：难以建立亲密感的社会,
                    [德]伊丽莎白·冯·塔登 / 2023-3-10 / 广东人民出版社 / 68.00元 / 精装
                ,7.7
多元视域中的明清理学,
                    吕妙芬 / 2023-4 / 四川人民出版社 / 98.00元 / 精装
                ,(11人评价)
无尽的玩笑,
                    [美] 大卫·福斯特·华莱士 / 2023-4 / 上海人民出版社 / 168.00元 / 平装
                ,9.3
北欧书简,
                    [英]玛丽·沃斯通克拉夫特 / 2023-3 / 广西师范大学出版社 / 59 / 精装
                ,(6人评价)
芯片战争：世界最关键技术的争夺战,
                    [美]克里斯·米勒 / 2023-5 / 浙江人民出版社 / 88.00 / 平装
                ,(30人评价)
冷亲密：为什么爱越来越难,
                    [法]伊娃·易洛思 / 2023-4 / 湖南人民出版社 / 49.00元 / 平装
                ,8.3
危险的边疆：游牧帝国与中国,
                    [美]托马斯·巴菲尔德 / 2023-4-20 / 江苏人民出版社 / 118.00元 / 精装
                ,(6人评价)
天体嗜好症：一千一秒物语,
                    [日] 稻垣足穗 / 2023-4 / 湖南文艺出版社 / 88 / 精装
                ,9.4
不再讨好：做安稳强大的自己,
                    黄玉玲 / 2023-4-1 / 人民邮电出版社 / 59.8元 / 平装
                ,8.3
涉过忘川：庞德诗选,
                    [美] 艾兹拉·庞德 / [美国] 埃兹拉·庞德 / 2023-4 / 北京联合出版公司 / 78.00元 / 精装
                ,9.0
大地中国,
                    韩茂莉 / 2023-4 / 文汇出版社 / 69.00元 / 精装
                ,8.0
打碎哈姆雷特的镜子：戏剧与现实,
                    [美]马文·卡尔森 / 2023 / 南京大学出版社 / 30 / 平装
                ,(4人评价)
床，沙发，我的人生,
                    [法] 罗曼·莫内里 / 2023-3 / 中信出版集团 / 49.80元 / 平装
                ,9.1
魔术师,
                    [爱尔兰] 科尔姆·托宾 / 2023-4 / 上海译文出版社 / 89.00元 / 平装
                ,9.8
最后的故事,
                    [波兰]奥尔加·托卡尔丘克 / 2023-4 / 浙江文艺出版社 / 52.00元 / 平装
                ,(10人评价)
波士顿的长电邮：美利坚的政治成长与普遍历史,
                    刘小枫 / 2023-3 / 上海人民出版社 / 68.00 / 精装
                ,7.8
杜甫私记,
                    (日) 吉川幸次郎 / 2023-3 / 新星出版社 / 98 / 布面软精装
                ,7.5
墨西哥与中美洲古代文明：考古与文化史,
                    [美] 苏珊·托比·埃文斯 / 2023-5 / 生活·读书·新知三联书店 / 198.00元 / 平装
                ,(6人评价)
食人资本主义,
                    [美]南希·弗雷泽（Nancy Fraser） / 2023-4 / 上海人民出版社 / 58 / 平装
                ,(5人评价)
自我决定的孤独：难以建立亲密感的社会,
                    [德]伊丽莎白·冯·塔登 / 2023-3-10 / 广东人民出版社 / 68.00元 / 精装
                ,7.7
多元视域中的明清理学,
                    吕妙芬 / 2023-4 / 四川人民出版社 / 98.00元 / 精装
                ,(11人评价)
无尽的玩笑,
                    [美] 大卫·福斯特·华莱士 / 2023-4 / 上海人民出版社 / 168.00元 / 平装
                ,9.3
北欧书简,
                    [英]玛丽·沃斯通克拉夫特 / 2023-3 / 广西师范大学出版社 / 59 / 精装
                ,(6人评价)
芯片战争：世界最关键技术的争夺战,
                    [美]克里斯·米勒 / 2023-5 / 浙江人民出版社 / 88.00 / 平装
                ,(30人评价)
冷亲密：为什么爱越来越难,
                    [法]伊娃·易洛思 / 2023-4 / 湖南人民出版社 / 49.00元 / 平装
                ,8.3
危险的边疆：游牧帝国与中国,
                    [美]托马斯·巴菲尔德 / 2023-4-20 / 江苏人民出版社 / 118.00元 / 精装
                ,(6人评价)
天体嗜好症：一千一秒物语,
                    [日] 稻垣足穗 / 2023-4 / 湖南文艺出版社 / 88 / 精装
                ,9.4
不再讨好：做安稳强大的自己,
                    黄玉玲 / 2023-4-1 / 人民邮电出版社 / 59.8元 / 平装
                ,8.3
涉过忘川：庞德诗选,
                    [美] 艾兹拉·庞德 / [美国] 埃兹拉·庞德 / 2023-4 / 北京联合出版公司 / 78.00元 / 精装
                ,9.0
大地中国,
                    韩茂莉 / 2023-4 / 文汇出版社 / 69.00元 / 精装
                ,8.0
打碎哈姆雷特的镜子：戏剧与现实,
                    [美]马文·卡尔森 / 2023 / 南京大学出版社 / 30 / 平装
                ,(4人评价)
床，沙发，我的人生,
                    [法] 罗曼·莫内里 / 2023-3 / 中信出版集团 / 49.80元 / 平装
                ,9.1
魔术师,
                    [爱尔兰] 科尔姆·托宾 / 2023-4 / 上海译文出版社 / 89.00元 / 平装
                ,9.8
最后的故事,
                    [波兰]奥尔加·托卡尔丘克 / 2023-4 / 浙江文艺出版社 / 52.00元 / 平装
                ,(10人评价)
波士顿的长电邮：美利坚的政治成长与普遍历史,
                    刘小枫 / 2023-3 / 上海人民出版社 / 68.00 / 精装
                ,7.8
杜甫私记,
                    (日) 吉川幸次郎 / 2023-3 / 新星出版社 / 98 / 布面软精装
                ,7.5
墨西哥与中美洲古代文明：考古与文化史,
                    [美] 苏珊·托比·埃文斯 / 2023-5 / 生活·读书·新知三联书店 / 198.00元 / 平装
                ,(6人评价)
食人资本主义,
                    [美]南希·弗雷泽（Nancy Fraser） / 2023-4 / 上海人民出版社 / 58 / 平装
                ,(5人评价)
自我决定的孤独：难以建立亲密感的社会,
                    [德]伊丽莎白·冯·塔登 / 2023-3-10 / 广东人民出版社 / 68.00元 / 精装
                ,7.7
多元视域中的明清理学,
                    吕妙芬 / 2023-4 / 四川人民出版社 / 98.00元 / 精装
                ,(11人评价)
无尽的玩笑,
                    [美] 大卫·福斯特·华莱士 / 2023-4 / 上海人民出版社 / 168.00元 / 平装
                ,9.3
北欧书简,
                    [英]玛丽·沃斯通克拉夫特 / 2023-3 / 广西师范大学出版社 / 59 / 精装
                ,(6人评价)
芯片战争：世界最关键技术的争夺战,
                    [美]克里斯·米勒 / 2023-5 / 浙江人民出版社 / 88.00 / 平装
                ,(30人评价)
冷亲密：为什么爱越来越难,
                    [法]伊娃·易洛思 / 2023-4 / 湖南人民出版社 / 49.00元 / 平装
                ,8.3
危险的边疆：游牧帝国与中国,
                    [美]托马斯·巴菲尔德 / 2023-4-20 / 江苏人民出版社 / 118.00元 / 精装
                ,(6人评价)
天体嗜好症：一千一秒物语,
                    [日] 稻垣足穗 / 2023-4 / 湖南文艺出版社 / 88 / 精装
                ,9.4
不再讨好：做安稳强大的自己,
                    黄玉玲 / 2023-4-1 / 人民邮电出版社 / 59.8元 / 平装
                ,8.3
涉过忘川：庞德诗选,
                    [美] 艾兹拉·庞德 / [美国] 埃兹拉·庞德 / 2023-4 / 北京联合出版公司 / 78.00元 / 精装
                ,9.0
大地中国,
                    韩茂莉 / 2023-4 / 文汇出版社 / 69.00元 / 精装
                ,8.0
打碎哈姆雷特的镜子：戏剧与现实,
                    [美]马文·卡尔森 / 2023 / 南京大学出版社 / 30 / 平装
                ,(4人评价)
床，沙发，我的人生,
                    [法] 罗曼·莫内里 / 2023-3 / 中信出版集团 / 49.80元 / 平装
                ,9.1
魔术师,
                    [爱尔兰] 科尔姆·托宾 / 2023-4 / 上海译文出版社 / 89.00元 / 平装
                ,9.8
最后的故事,
                    [波兰]奥尔加·托卡尔丘克 / 2023-4 / 浙江文艺出版社 / 52.00元 / 平装
                ,(10人评价)
波士顿的长电邮：美利坚的政治成长与普遍历史,
                    刘小枫 / 2023-3 / 上海人民出版社 / 68.00 / 精装
                ,7.8
杜甫私记,
                    (日) 吉川幸次郎 / 2023-3 / 新星出版社 / 98 / 布面软精装
                ,7.5
墨西哥与中美洲古代文明：考古与文化史,
                    [美] 苏珊·托比·埃文斯 / 2023-5 / 生活·读书·新知三联书店 / 198.00元 / 平装
                ,(6人评价)
食人资本主义,
                    [美]南希·弗雷泽（Nancy Fraser） / 2023-4 / 上海人民出版社 / 58 / 平装
                ,(5人评价)
自我决定的孤独：难以建立亲密感的社会,
                    [德]伊丽莎白·冯·塔登 / 2023-3-10 / 广东人民出版社 / 68.00元 / 精装
                ,7.7
多元视域中的明清理学,
                    吕妙芬 / 2023-4 / 四川人民出版社 / 98.00元 / 精装
                ,(11人评价)
无尽的玩笑,
                    [美] 大卫·福斯特·华莱士 / 2023-4 / 上海人民出版社 / 168.00元 / 平装
                ,9.3
北欧书简,
                    [英]玛丽·沃斯通克拉夫特 / 2023-3 / 广西师范大学出版社 / 59 / 精装
                ,(6人评价)
芯片战争：世界最关键技术的争夺战,
                    [美]克里斯·米勒 / 2023-5 / 浙江人民出版社 / 88.00 / 平装
                ,(30人评价)
冷亲密：为什么爱越来越难,
                    [法]伊娃·易洛思 / 2023-4 / 湖南人民出版社 / 49.00元 / 平装
                ,8.3
危险的边疆：游牧帝国与中国,
                    [美]托马斯·巴菲尔德 / 2023-4-20 / 江苏人民出版社 / 118.00元 / 精装
                ,(6人评价)
天体嗜好症：一千一秒物语,
                    [日] 稻垣足穗 / 2023-4 / 湖南文艺出版社 / 88 / 精装
                ,9.4
不再讨好：做安稳强大的自己,
                    黄玉玲 / 2023-4-1 / 人民邮电出版社 / 59.8元 / 平装
                ,8.3
涉过忘川：庞德诗选,
                    [美] 艾兹拉·庞德 / [美国] 埃兹拉·庞德 / 2023-4 / 北京联合出版公司 / 78.00元 / 精装
                ,9.0
大地中国,
                    韩茂莉 / 2023-4 / 文汇出版社 / 69.00元 / 精装
                ,8.0
打碎哈姆雷特的镜子：戏剧与现实,
                    [美]马文·卡尔森 / 2023 / 南京大学出版社 / 30 / 平装
                ,(4人评价)
床，沙发，我的人生,
                    [法] 罗曼·莫内里 / 2023-3 / 中信出版集团 / 49.80元 / 平装
                ,9.1
魔术师,
                    [爱尔兰] 科尔姆·托宾 / 2023-4 / 上海译文出版社 / 89.00元 / 平装
                ,9.8
最后的故事,
                    [波兰]奥尔加·托卡尔丘克 / 2023-4 / 浙江文艺出版社 / 52.00元 / 平装
                ,(10人评价)
波士顿的长电邮：美利坚的政治成长与普遍历史,
                    刘小枫 / 2023-3 / 上海人民出版社 / 68.00 / 精装
                ,7.8
杜甫私记,
                    (日) 吉川幸次郎 / 2023-3 / 新星出版社 / 98 / 布面软精装
                ,7.5
墨西哥与中美洲古代文明：考古与文化史,
                    [美] 苏珊·托比·埃文斯 / 2023-5 / 生活·读书·新知三联书店 / 198.00元 / 平装
                ,(6人评价)
食人资本主义,
                    [美]南希·弗雷泽（Nancy Fraser） / 2023-4 / 上海人民出版社 / 58 / 平装
                ,(7人评价)
自我决定的孤独：难以建立亲密感的社会,
                    [德]伊丽莎白·冯·塔登 / 2023-3-10 / 广东人民出版社 / 68.00元 / 精装
                ,7.7
多元视域中的明清理学,
                    吕妙芬 / 2023-4 / 四川人民出版社 / 98.00元 / 精装
                ,(11人评价)
无尽的玩笑,
                    [美] 大卫·福斯特·华莱士 / 2023-4 / 上海人民出版社 / 168.00元 / 平装
                ,9.3
北欧书简,
                    [英]玛丽·沃斯通克拉夫特 / 2023-3 / 广西师范大学出版社 / 59 / 精装
                ,(6人评价)
芯片战争：世界最关键技术的争夺战,
                    [美]克里斯·米勒 / 2023-5 / 浙江人民出版社 / 88.00 / 平装
                ,(30人评价)
冷亲密：为什么爱越来越难,
                    [法]伊娃·易洛思 / 2023-4 / 湖南人民出版社 / 49.00元 / 平装
                ,8.3
危险的边疆：游牧帝国与中国,
                    [美]托马斯·巴菲尔德 / 2023-4-20 / 江苏人民出版社 / 118.00元 / 精装
                ,(6人评价)
天体嗜好症：一千一秒物语,
                    [日] 稻垣足穗 / 2023-4 / 湖南文艺出版社 / 88 / 精装
                ,9.4
不再讨好：做安稳强大的自己,
                    黄玉玲 / 2023-4-1 / 人民邮电出版社 / 59.8元 / 平装
                ,8.3
涉过忘川：庞德诗选,
                    [美] 艾兹拉·庞德 / [美国] 埃兹拉·庞德 / 2023-4 / 北京联合出版公司 / 78.00元 / 精装
                ,9.0
大地中国,
                    韩茂莉 / 2023-4 / 文汇出版社 / 69.00元 / 精装
                ,8.0
打碎哈姆雷特的镜子：戏剧与现实,
                    [美]马文·卡尔森 / 2023 / 南京大学出版社 / 30 / 平装
                ,(4人评价)
床，沙发，我的人生,
                    [法] 罗曼·莫内里 / 2023-3 / 中信出版集团 / 49.80元 / 平装
                ,9.1
魔术师,
                    [爱尔兰] 科尔姆·托宾 / 2023-4 / 上海译文出版社 / 89.00元 / 平装
                ,9.8
最后的故事,
                    [波兰]奥尔加·托卡尔丘克 / 2023-4 / 浙江文艺出版社 / 52.00元 / 平装
                ,(10人评价)
波士顿的长电邮：美利坚的政治成长与普遍历史,
                    刘小枫 / 2023-3 / 上海人民出版社 / 68.00 / 精装
                ,7.8
杜甫私记,
                    (日) 吉川幸次郎 / 2023-3 / 新星出版社 / 98 / 布面软精装
                ,7.5
墨西哥与中美洲古代文明：考古与文化史,
                    [美] 苏珊·托比·埃文斯 / 2023-5 / 生活·读书·新知三联书店 / 198.00元 / 平装
                ,(6人评价)
